id,wrinkles,freakles,glasses,hair_color,hair_top,no_face_or_no_human
emotionet_3_10556.jpg,0,0,0,6,2,0
emotionet_3_10580.jpg,0,0,0,1,2,0
emotionet_3_10593.JPG,0,0,0,6,3,0
emotionet_3_10648.jpg,0,0,0,8,3,0
emotionet_3_1069.jpeg,0,0,0,3,2,0
emotionet_3_10719.jpg,0,0,0,1,2,0
emotionet_3_10807.jpg,0,0,0,3,3,0
emotionet_3_10875.jpg,0,0,0,1,2,0
emotionet_3_10958.jpg,0,0,0,3,2,0
emotionet_3_11001.jpg,0,0,0,3,2,0
emotionet_3_11122.jpg,0,0,0,3,2,0
emotionet_3_11235.jpg,0,0,0,3,2,0
emotionet_3_11296.jpg,0,0,0,0,3,0
emotionet_3_11298.jpg,0,0,0,8,3,0
emotionet_3_1138.jpg,0,0,0,1,3,0
emotionet_3_1143.jpg,1,0,0,5,2,0
emotionet_3_1144.jpg,0,0,0,1,2,0
emotionet_3_11460.jpg,1,1,0,1,3,0
emotionet_3_11467.jpg,1,0,0,1,1,0
emotionet_3_11469.jpg,1,0,0,1,3,0
emotionet_3_11531.jpg,0,0,1,1,2,0
emotionet_3_11592.jpg,0,0,0,1,2,0
emotionet_3_11628.jpg,0,0,0,1,3,0
emotionet_3_11653.jpg,0,0,0,7,0,0
emotionet_3_11654.jpg,1,0,0,1,2,0
emotionet_3_11685.jpg,1,0,0,7,3,0
emotionet_3_1192.jpg,0,0,0,1,2,0
emotionet_3_11931.jpg,0,0,0,8,3,0
emotionet_3_1195.jpg,0,0,0,1,1,0
emotionet_3_12107.JPG,0,0,0,8,3,0
emotionet_3_12168.jpg,0,0,0,1,1,0
emotionet_3_12352.jpg,0,0,0,3,2,0
emotionet_3_12383.jpg,0,0,0,0,2,0
emotionet_3_12456.jpg,0,0,0,1,2,0
emotionet_3_12487.jpg,0,0,0,1,2,0
emotionet_3_12489.jpg,1,0,0,1,2,0
emotionet_3_126.jpg,0,0,0,0,2,0
emotionet_3_12619.jpg,1,0,1,6,2,0
emotionet_3_12662.jpg,0,0,1,6,2,0
emotionet_3_1282.jpg,0,0,0,0,2,0
emotionet_3_12824.jpg,0,0,1,1,2,0
emotionet_3_12837.JPG,0,0,0,1,2,0
emotionet_3_12858.jpg,0,1,0,6,2,0
emotionet_3_12889.jpg,0,0,0,0,0,1
emotionet_3_12907.jpg,0,0,0,1,2,0
emotionet_3_13088.jpg,0,0,0,6,2,0
emotionet_3_13101.jpg,0,0,0,1,2,0
emotionet_3_13216.jpg,0,0,0,0,0,1
emotionet_3_13218.jpg,0,0,0,0,2,0
emotionet_3_13332.jpg,1,1,1,5,1,0
emotionet_3_13335.jpg,0,0,0,3,2,0
emotionet_3_13444.jpg,0,0,0,3,2,0
emotionet_3_13679.jpg,0,0,0,0,2,0
emotionet_3_1370.jpg,0,0,0,0,2,0
emotionet_3_13969.jpg,0,0,0,1,3,0
emotionet_3_14.jpg,0,0,0,4,2,0
emotionet_3_14084.jpg,1,0,0,6,2,0
emotionet_3_14104.jpg,1,0,0,5,2,0
emotionet_3_14176.jpg,1,0,0,1,2,0
emotionet_3_14178.jpg,0,0,0,1,2,0
emotionet_3_14213.jpg,0,0,0,1,2,0
emotionet_3_14337.jpg,0,0,0,1,2,0
emotionet_3_14342.jpg,0,0,1,2,2,0
emotionet_3_14345.jpg,0,0,0,8,3,0
emotionet_3_14393.jpg,0,0,0,6,2,0
emotionet_3_14433.jpg,0,0,0,3,2,0
emotionet_3_14434.jpg,1,0,0,6,2,0
emotionet_3_14441.jpg,1,0,0,6,2,0
emotionet_3_14448.jpg,1,0,0,1,2,0
emotionet_3_14517.jpg,1,0,0,8,3,0
emotionet_3_14519.jpg,0,0,0,1,2,0
emotionet_3_14607.jpg,0,0,0,1,2,0
emotionet_3_14723.jpg,1,0,0,5,3,0
emotionet_3_14724.jpg,1,0,0,8,3,0
emotionet_3_14756.jpg,1,1,1,5,1,0
emotionet_3_14833.jpg,1,0,0,8,3,0
emotionet_3_14841.jpg,0,0,0,3,2,0
emotionet_3_14846.jpg,0,0,0,7,2,0
emotionet_3_14917.jpg,0,0,0,1,1,0
emotionet_3_150051.jpg,0,0,0,8,3,1
emotionet_3_150089.jpg,0,0,1,3,2,0
emotionet_3_150100.jpg,0,0,0,1,3,0
emotionet_3_150109.jpg,0,0,0,1,2,0
emotionet_3_150346.jpg,0,0,2,1,1,0
emotionet_3_150355.JPG,0,0,0,1,2,0
emotionet_3_150390.jpg,0,0,0,2,2,0
emotionet_3_150430.jpg,1,0,0,2,3,0
emotionet_3_150437.jpg,0,0,0,1,2,0
emotionet_3_150439.jpg,0,0,0,6,1,0
emotionet_3_15047.jpg,1,0,0,1,2,0
emotionet_3_150561.jpg,1,0,0,3,2,0
emotionet_3_150568.jpg,0,0,0,1,2,0
emotionet_3_150604.jpg,0,0,0,1,2,0
emotionet_3_150720.jpg,0,0,0,1,2,0
emotionet_3_150727.jpg,1,0,0,8,3,0
emotionet_3_150842.jpg,0,0,0,2,3,0
emotionet_3_150845.jpg,0,0,0,1,1,0
emotionet_3_150894.jpg,1,0,0,2,1,0
emotionet_3_150913.jpg,1,0,1,0,1,0
emotionet_3_150961.jpg,0,0,0,1,2,0
emotionet_3_151036.jpg,0,0,0,3,2,0
emotionet_3_151167.jpg,0,0,1,1,1,0
emotionet_3_151270.jpg,0,0,1,1,3,0
emotionet_3_151277.jpg,1,0,0,2,1,0
emotionet_3_151385.jpg,1,0,0,1,1,0
emotionet_3_151501.jpg,0,0,0,8,3,0
emotionet_3_151506.jpg,0,0,0,8,3,0
emotionet_3_151618.jpg,0,0,0,1,3,0
emotionet_3_15163.jpg,0,0,0,1,2,0
emotionet_3_15164.jpg,0,0,0,0,0,1
emotionet_3_151732.jpg,0,0,2,1,3,0
emotionet_3_151749.jpg,0,0,0,8,3,1
emotionet_3_15177.JPG,0,0,0,6,2,0
emotionet_3_151798.jpg,0,0,1,6,1,0
emotionet_3_151825.jpg,0,0,0,1,2,0
emotionet_3_151850.jpg,0,0,0,2,0,0
emotionet_3_151857.jpg,0,0,0,1,2,0
emotionet_3_151888.jpg,0,0,0,6,2,0
emotionet_3_151973.jpg,0,0,0,3,2,0
emotionet_3_152009.jpg,0,0,0,1,1,0
emotionet_3_15201.jpg,0,0,0,0,2,0
emotionet_3_15208.jpg,1,0,0,5,1,0
emotionet_3_152123.jpg,1,0,0,1,3,0
emotionet_3_152246.jpg,0,0,0,1,2,0
emotionet_3_152530.jpg,0,0,0,3,3,0
emotionet_3_152537.jpg,0,0,0,1,2,0
emotionet_3_152703.jpg,0,0,0,8,3,0
emotionet_3_152704.jpg,0,0,1,8,3,0
emotionet_3_15274.jpg,0,0,0,3,2,0
emotionet_3_152861.jpg,1,0,0,2,2,0
emotionet_3_152866.jpg,0,0,1,1,2,0
emotionet_3_152868.jpg,0,0,0,0,2,0
emotionet_3_152872.JPG,0,0,0,6,2,1
emotionet_3_152939.jpg,1,0,0,3,2,0
emotionet_3_152945.jpg,0,0,0,1,2,0
emotionet_3_153069.jpg,0,0,0,1,2,0
emotionet_3_153192.jpg,0,0,0,8,3,1
emotionet_3_153195.jpg,0,0,0,3,2,0
emotionet_3_153228.jpg,0,0,0,1,2,0
emotionet_3_153474.jpg,1,0,0,6,1,0
emotionet_3_153522.jpg,0,0,0,7,0,0
emotionet_3_153559.jpg,1,0,0,1,3,0
emotionet_3_153698.jpg,0,0,0,3,2,0
emotionet_3_153703.jpeg,0,0,1,1,1,0
emotionet_3_153763.jpg,0,0,0,1,3,0
emotionet_3_153874.jpg,0,0,0,1,1,0
emotionet_3_153950.jpg,1,0,0,3,2,0
emotionet_3_153957.jpg,0,0,0,8,3,0
emotionet_3_153981.jpg,0,0,0,3,2,0
emotionet_3_154062.jpg,0,0,0,8,3,1
emotionet_3_154197.jpg,1,0,0,2,2,0
emotionet_3_15421.jpg,0,0,0,0,0,1
emotionet_3_15426.jpg,1,1,1,6,3,0
emotionet_3_154375.jpg,0,0,0,1,2,0
emotionet_3_154403.jpg,0,0,0,3,2,0
emotionet_3_154476.jpg,0,0,0,0,2,0
emotionet_3_15453.jpg,1,0,0,1,1,0
emotionet_3_154555.jpg,0,0,0,3,2,0
emotionet_3_154583.jpg,0,0,0,8,3,0
emotionet_3_154630.jpg,0,0,0,1,3,0
emotionet_3_154694.jpg,0,0,0,3,2,0
emotionet_3_154761.jpg,0,0,0,4,2,0
emotionet_3_154766.jpg,0,0,0,1,2,0
emotionet_3_154768.jpg,0,0,0,1,3,0
emotionet_3_154803.jpg,0,0,0,0,3,0
emotionet_3_154804.jpg,0,0,0,1,2,0
emotionet_3_15482.jpg,0,0,0,1,3,0
emotionet_3_154871.jpg,0,0,0,0,2,0
emotionet_3_154990.JPG,0,0,0,3,2,0
emotionet_3_15505.jpg,0,0,0,3,2,0
emotionet_3_155126.jpg,0,0,0,1,1,0
emotionet_3_155222.JPG,0,0,0,1,2,0
emotionet_3_155231.jpg,0,0,0,8,3,1
emotionet_3_155236.jpg,0,0,0,0,3,0
emotionet_3_155243.jpg,0,0,0,8,3,1
emotionet_3_155257.JPG,0,0,0,0,1,0
emotionet_3_155288.JPG,0,1,0,3,2,0
emotionet_3_155315.jpg,1,0,0,2,2,0
emotionet_3_155367.jpg,0,0,1,1,1,0
emotionet_3_155411.jpg,1,0,0,1,2,0
emotionet_3_155418.jpg,1,0,0,1,3,0
emotionet_3_155464.jpg,0,0,0,1,3,0
emotionet_3_155535.jpg,0,0,0,1,1,0
emotionet_3_155540.jpg,0,0,0,3,2,0
emotionet_3_155547.jpg,0,0,0,3,2,0
emotionet_3_155549.jpg,0,0,0,6,2,0
emotionet_3_155598.jpg,0,0,0,1,3,0
emotionet_3_155650.jpg,0,0,1,1,2,0
emotionet_3_155706.jpg,0,0,0,1,2,0
emotionet_3_155708.jpg,0,0,0,1,3,0
emotionet_3_155774.jpg,0,0,0,8,3,0
emotionet_3_155811.jpg,0,0,0,6,2,0
emotionet_3_155932.jpg,1,1,0,2,1,0
emotionet_3_155935.jpg,0,0,2,1,3,0
emotionet_3_155949.jpg,0,0,0,1,2,0
emotionet_3_155996.jpg,0,0,0,1,3,0
emotionet_3_156033.jpg,0,0,0,1,1,0
emotionet_3_156034.jpg,1,0,0,2,2,0
emotionet_3_156110.jpg,0,0,0,0,2,0
emotionet_3_156117.jpg,0,0,0,0,2,0
emotionet_3_156207.jpg,0,0,0,1,3,0
emotionet_3_156323.jpg,0,0,0,1,2,0
emotionet_3_156324.jpg,0,0,0,1,2,0
emotionet_3_156356.jpg,0,0,1,1,2,0
emotionet_3_156455.jpg,0,0,1,3,2,0
emotionet_3_156484.jpg,0,0,0,1,2,0
emotionet_3_156504.jpg,0,0,1,2,2,0
emotionet_3_156571.jpg,0,0,1,6,2,0
emotionet_3_156661.jpg,0,0,2,1,1,0
emotionet_3_156737.jpg,0,0,0,1,3,0
emotionet_3_156739.jpg,0,0,0,1,2,0
emotionet_3_156742.jpg,0,0,0,1,2,0
emotionet_3_156745.jpg,0,0,0,1,2,0
emotionet_3_156793.jpg,0,0,0,1,2,0
emotionet_3_156794.jpg,0,0,0,1,3,0
emotionet_3_156827.jpg,0,0,0,1,2,0
emotionet_3_156881.jpeg,0,0,0,1,2,0
emotionet_3_156883.jpg,1,0,0,5,1,0
emotionet_3_156976.jpg,0,0,0,3,2,0
emotionet_3_156978.jpg,0,0,0,5,2,1
emotionet_3_157021.jpg,0,0,0,6,1,0
emotionet_3_157105.jpg,0,0,0,0,2,0
emotionet_3_157212.jpg,0,0,0,1,2,0
emotionet_3_157215.jpg,1,0,1,5,1,0
emotionet_3_157336.jpg,0,0,0,1,2,0
emotionet_3_157344.jpg,0,0,0,1,2,0
emotionet_3_157395.jpg,1,1,0,6,3,0
emotionet_3_157432.jpg,0,0,0,1,2,0
emotionet_3_157440.jpg,0,0,0,6,2,0
emotionet_3_157447.jpg,0,0,0,1,2,0
emotionet_3_157516.jpg,0,0,0,8,3,0
emotionet_3_157563.jpg,1,0,0,2,2,0
emotionet_3_157601.jpg,0,0,0,1,2,0
emotionet_3_157725.jpg,0,0,0,1,3,0
emotionet_3_157750.jpg,0,0,0,1,1,0
emotionet_3_157786.jpg,0,0,1,0,2,0
emotionet_3_157832.jpg,0,0,0,5,2,1
emotionet_3_157835.jpg,0,0,0,5,3,1
emotionet_3_157898.jpg,1,0,0,0,1,0
emotionet_3_157911.jpg,0,0,0,1,2,0
emotionet_3_157916.jpg,0,0,0,8,3,0
emotionet_3_157918.jpg,0,0,0,1,2,0
emotionet_3_158064.JPG,0,0,0,1,2,0
emotionet_3_158070.jpg,0,0,0,1,2,0
emotionet_3_158077.jpg,0,0,1,0,2,0
emotionet_3_158079.jpg,0,1,0,1,2,0
emotionet_3_158153.jpg,0,0,0,1,2,0
emotionet_3_158185.jpg,0,0,0,0,2,0
emotionet_3_158238.jpg,0,0,0,1,2,0
emotionet_3_158292.jpg,0,0,0,0,2,0
emotionet_3_158312.jpg,0,0,0,5,2,0
emotionet_3_158418.jpg,0,0,0,0,2,0
emotionet_3_158464.jpg,0,0,0,1,2,0
emotionet_3_158598.jpg,1,0,0,5,1,0
emotionet_3_158622.jpg,0,0,0,0,2,0
emotionet_3_158625.jpg,0,0,0,0,2,0
emotionet_3_158659.jpg,0,0,0,1,2,0
emotionet_3_158688.jpg,0,0,0,1,2,0
emotionet_3_158706.jpg,0,0,0,1,2,0
emotionet_3_158718.jpeg,0,0,0,1,2,0
emotionet_3_158773.jpg,0,0,0,0,2,0
emotionet_3_1588.jpg,0,0,0,1,2,0
emotionet_3_158816.jpg,0,0,1,6,2,0
emotionet_3_158932.jpg,0,0,0,1,2,0
emotionet_3_159133.jpg,0,0,0,3,2,0
emotionet_3_159141.jpg,0,0,0,1,2,0
emotionet_3_159146.jpg,0,0,0,1,2,0
emotionet_3_159190.jpg,1,0,0,3,2,0
emotionet_3_159197.jpg,1,0,0,1,3,0
emotionet_3_159224.jpg,0,0,0,1,3,0
emotionet_3_159256.jpg,0,0,0,6,2,0
emotionet_3_159289.jpg,0,0,0,1,2,0
emotionet_3_159309.jpg,0,0,0,3,2,0
emotionet_3_159372.jpg,0,0,0,1,1,0
emotionet_3_159375.jpg,1,0,1,6,3,0
emotionet_3_159403.jpg,0,0,2,3,2,0
emotionet_3_159404.jpg,0,0,0,8,3,1
emotionet_3_159478.jpg,0,0,0,0,3,0
emotionet_3_159527.jpg,0,0,0,3,2,0
emotionet_3_159552.jpg,0,0,0,3,2,0
emotionet_3_159583.jpg,1,0,0,0,1,0
emotionet_3_159639.jpg,0,0,0,0,2,0
emotionet_3_159645.jpg,0,0,0,0,2,0
emotionet_3_159713.jpg,1,0,0,2,2,0
emotionet_3_159761.jpg,0,0,2,1,2,0
emotionet_3_159871.jpg,0,0,0,1,2,0
emotionet_3_159920.jpg,0,0,0,1,2,0
emotionet_3_159955.jpg,0,0,0,8,3,1
emotionet_3_159990.JPG,0,0,0,1,2,1
emotionet_3_160013.jpg,0,0,0,0,2,0
emotionet_3_160130.jpg,0,0,0,3,2,0
emotionet_3_160142.jpg,0,0,0,4,2,0
emotionet_3_160193.jpg,0,0,0,4,2,0
emotionet_3_160255.jpg,0,0,0,1,3,0
emotionet_3_160472.jpg,0,0,0,6,2,0
emotionet_3_160475.jpg,0,0,0,3,2,0
emotionet_3_160551.jpg,0,0,0,1,2,0
emotionet_3_160634.jpg,0,0,0,3,2,0
emotionet_3_160646.jpg,0,0,0,7,0,0
emotionet_3_160648.jpg,0,0,0,1,3,0
emotionet_3_160697.jpg,0,0,0,1,2,0
emotionet_3_160699.jpg,0,0,0,8,3,0
emotionet_3_160719.jpg,0,0,0,8,3,1
emotionet_3_160762.jpg,0,1,0,1,1,0
emotionet_3_160765.jpg,1,0,0,7,0,0
emotionet_3_160800.jpg,0,0,0,8,3,0
emotionet_3_160807.jpg,0,0,0,8,3,0
emotionet_3_160809.jpg,0,0,0,3,2,0
emotionet_3_160918.jpeg,0,0,0,1,2,0
emotionet_3_160923.jpg,0,0,0,1,2,0
emotionet_3_160951.jpg,0,0,0,3,3,0
emotionet_3_160958.jpg,0,0,0,3,2,0
emotionet_3_160980.jpg,0,0,0,1,2,0
emotionet_3_161008.jpg,0,0,0,1,3,0
emotionet_3_161074.jpg,0,0,1,0,2,0
emotionet_3_161159.jpg,0,0,0,6,2,0
emotionet_3_161235.jpg,0,0,0,6,2,0
emotionet_3_161249.jpg,0,0,0,4,3,0
emotionet_3_161415.jpg,0,0,0,3,2,0
emotionet_3_161543.jpg,0,0,0,3,2,0
emotionet_3_161544.jpg,0,0,0,3,2,0
emotionet_3_161592.jpg,0,0,0,1,2,0
emotionet_3_161682.jpg,0,0,0,1,0,0
emotionet_3_161702.jpg,0,0,0,0,2,0
emotionet_3_161815.jpg,0,0,0,3,1,1
emotionet_3_161869.jpg,0,0,0,3,2,0
emotionet_3_162030.jpg,0,0,0,1,2,0
emotionet_3_162037.jpg,0,1,0,1,2,0
emotionet_3_162039.jpg,0,0,0,8,3,1
emotionet_3_162113.jpg,0,0,0,0,2,0
emotionet_3_162161.jpg,0,0,0,0,2,0
emotionet_3_162168.jpg,0,0,0,0,2,0
emotionet_3_162276.jpg,0,0,0,3,2,0
emotionet_3_162458.jpg,0,0,0,1,2,0
emotionet_3_162500.jpg,0,0,0,1,1,0
emotionet_3_162509.jpg,0,0,0,0,2,0
emotionet_3_162572.jpg,0,0,0,3,2,0
emotionet_3_162575.jpg,0,0,0,4,2,0
emotionet_3_162665.jpg,0,0,0,1,2,0
emotionet_3_162741.jpg,0,0,0,1,3,0
emotionet_3_162746.jpg,0,0,0,0,2,0
emotionet_3_162790.jpg,0,0,0,3,2,0
emotionet_3_163025.jpg,0,0,0,1,2,0
emotionet_3_163057.jpg,0,0,0,3,2,0
emotionet_3_163059.jpg,0,0,0,3,2,0
emotionet_3_163086.jpg,1,0,0,2,2,0
emotionet_3_163101.jpg,0,0,0,1,3,0
emotionet_3_163106.jpg,0,0,1,1,0,0
emotionet_3_1632.jpg,0,0,0,0,2,0
emotionet_3_163216.jpg,0,0,0,1,2,0
emotionet_3_163398.jpg,0,0,0,1,2,0
emotionet_3_163438.jpg,0,0,0,3,1,0
emotionet_3_163444.jpg,1,0,0,7,3,0
emotionet_3_163495.jpg,0,1,0,0,3,0
emotionet_3_1635.jpg,0,0,2,1,2,0
emotionet_3_163560.jpg,0,0,0,1,2,0
emotionet_3_163567.jpg,0,0,0,3,2,0
emotionet_3_163677.jpg,0,0,0,3,2,0
emotionet_3_163679.jpg,0,0,0,1,3,0
emotionet_3_163721.jpg,1,0,0,5,1,0
emotionet_3_163782.jpg,1,0,0,6,2,0
emotionet_3_163838.jpg,0,0,0,3,2,0
emotionet_3_163895.jpg,0,0,0,1,3,1
emotionet_3_163912.jpg,0,0,0,6,3,0
emotionet_3_163915.jpg,0,0,1,6,1,0
emotionet_3_163969.jpg,0,0,0,1,2,0
emotionet_3_164020.jpg,0,0,0,1,2,0
emotionet_3_164052.jpg,0,0,0,1,2,0
emotionet_3_164055.jpg,0,0,0,1,0,0
emotionet_3_164084.jpg,0,0,1,2,2,0
emotionet_3_164171.jpg,0,0,0,1,2,0
emotionet_3_164266.jpg,0,0,0,3,1,0
emotionet_3_164339.jpg,0,0,0,1,2,0
emotionet_3_164441.jpg,1,0,0,1,1,0
emotionet_3_164510.jpg,0,0,0,3,2,0
emotionet_3_164672.jpg,0,0,0,3,2,0
emotionet_3_164723.jpg,0,0,0,3,2,0
emotionet_3_164758.jpg,0,0,0,1,3,0
emotionet_3_1649.jpg,0,0,0,0,2,0
emotionet_3_165032.jpg,0,0,0,1,2,0
emotionet_3_165116.jpg,0,0,0,1,2,0
emotionet_3_165118.jpg,0,0,0,1,2,0
emotionet_3_165201.jpg,0,0,0,0,2,0
emotionet_3_165350.jpg,0,0,0,2,2,0
emotionet_3_165386.jpg,0,0,0,3,2,0
emotionet_3_165421.jpg,0,0,0,0,2,0
emotionet_3_165426.jpg,0,0,0,3,2,0
emotionet_3_165449.JPG,0,0,0,1,3,0
emotionet_3_165505.jpg,0,0,0,6,2,0
emotionet_3_165579.jpg,1,0,0,6,2,0
emotionet_3_165731.jpg,0,0,0,3,3,0
emotionet_3_165744.jpg,0,0,0,1,2,0
emotionet_3_165821.jpg,0,0,0,0,2,0
emotionet_3_165828.jpg,0,0,0,1,2,0
emotionet_3_165882.jpg,0,0,0,3,2,0
emotionet_3_165970.jpg,0,0,0,8,3,0
emotionet_3_166129.jpg,0,0,0,3,2,0
emotionet_3_166230.jpg,0,0,0,1,2,0
emotionet_3_166239.jpg,0,0,0,1,2,0
emotionet_3_166256.JPG,0,0,0,1,2,0
emotionet_3_166279.jpeg,0,0,0,3,2,0
emotionet_3_166293.jpg,0,0,0,1,2,0
emotionet_3_166294.jpg,0,0,0,8,3,0
emotionet_3_166366.jpg,0,0,0,1,2,0
emotionet_3_166504.jpeg,0,0,0,2,2,0
emotionet_3_166533.jpg,1,0,0,6,2,0
emotionet_3_166546.jpg,0,0,0,1,2,0
emotionet_3_166623.jpg,0,1,0,1,2,0
emotionet_3_166624.jpg,1,0,0,1,3,0
emotionet_3_166658.jpg,0,0,0,4,2,0
emotionet_3_166680.jpg,0,0,0,3,2,0
emotionet_3_166694.JPG,0,0,0,3,2,0
emotionet_3_166707.jpg,0,0,0,3,1,0
emotionet_3_166709.jpg,0,0,0,1,2,0
emotionet_3_166810.jpg,0,0,0,1,3,0
emotionet_3_166819.jpg,0,0,0,3,2,0
emotionet_3_166862.jpg,0,0,0,6,2,0
emotionet_3_166997.jpg,0,0,0,0,2,0
emotionet_3_167011.jpg,0,0,0,8,3,1
emotionet_3_167018.jpg,0,0,0,1,2,0
emotionet_3_167063.jpg,0,0,0,1,2,1
emotionet_3_167149.jpg,1,0,0,1,3,0
emotionet_3_167191.jpg,1,0,0,1,2,0
emotionet_3_167196.jpg,0,0,0,1,2,0
emotionet_3_167250.jpg,1,0,0,2,2,0
emotionet_3_167257.jpg,0,0,0,0,2,0
emotionet_3_167373.jpg,0,0,0,3,2,0
emotionet_3_167402.jpg,1,0,0,1,2,1
emotionet_3_167405.jpg,0,0,1,3,1,0
emotionet_3_167450.jpeg,1,0,0,3,2,0
emotionet_3_167479.jpg,0,0,0,0,2,0
emotionet_3_167521.jpg,0,0,0,1,2,0
emotionet_3_167526.jpg,0,0,0,0,2,0
emotionet_3_167528.jpg,1,0,0,5,3,0
emotionet_3_167554.jpg,0,0,0,7,0,0
emotionet_3_167585.jpg,0,0,0,1,3,0
emotionet_3_167631.jpg,0,0,0,1,2,0
emotionet_3_167643.jpg,0,0,1,1,1,0
emotionet_3_167715.jpg,0,0,0,1,2,0
emotionet_3_167767.jpg,0,0,0,0,2,0
emotionet_3_167769.jpg,1,0,0,3,1,0
emotionet_3_167802.jpg,0,0,0,1,2,0
emotionet_3_167953.jpg,0,0,1,1,1,0
emotionet_3_167982.jpg,0,0,0,0,3,1
emotionet_3_167985.jpg,0,0,0,7,0,0
emotionet_3_168049.jpg,0,1,1,1,1,0
emotionet_3_168096.jpg,0,0,0,1,3,0
emotionet_3_168098.jpg,0,0,0,1,3,0
emotionet_3_168111.jpg,0,0,0,1,1,0
emotionet_3_168116.jpg,0,0,0,4,2,0
emotionet_3_168454.jpg,0,0,0,8,3,0
emotionet_3_168482.jpg,1,0,0,5,1,0
emotionet_3_168485.jpg,1,0,0,2,1,0
emotionet_3_168660.jpg,0,0,1,3,1,0
emotionet_3_168667.jpg,0,0,2,1,2,0
emotionet_3_168826.jpg,0,0,2,1,2,0
emotionet_3_168905.jpg,0,0,1,0,2,0
emotionet_3_168970.jpg,0,0,0,3,2,0
emotionet_3_1698.jpg,0,0,0,6,2,0
emotionet_3_170003.jpg,0,0,0,1,2,0
emotionet_3_170127.jpg,0,0,0,3,2,0
emotionet_3_170129.jpg,1,0,0,1,1,0
emotionet_3_170314.jpg,0,0,0,0,2,0
emotionet_3_170366.jpg,0,0,0,6,1,0
emotionet_3_170541.jpg,0,0,0,1,2,0
emotionet_3_170546.jpg,0,0,0,3,2,0
emotionet_3_170548.jpg,0,1,0,3,2,0
emotionet_3_170590.jpg,1,0,0,0,2,0
emotionet_3_170597.jpg,0,0,0,1,1,0
emotionet_3_170599.jpg,0,1,0,3,2,0
emotionet_3_170680.jpg,0,0,0,0,2,0
emotionet_3_170707.jpg,0,0,0,1,2,0
emotionet_3_170709.jpg,0,0,0,1,2,0
emotionet_3_170772.jpg,1,0,0,6,2,0
emotionet_3_170810.jpg,0,0,0,1,1,0
emotionet_3_170933.jpg,0,1,0,1,1,0
emotionet_3_170999.jpg,0,0,0,2,1,0
emotionet_3_171135.jpg,0,0,0,1,2,0
emotionet_3_171147.jpg,0,0,0,3,2,0
emotionet_3_171196.jpg,0,0,0,3,2,0
emotionet_3_171301.jpg,0,0,0,1,2,0
emotionet_3_171306.jpg,0,0,0,1,2,0
emotionet_3_171308.jpg,0,0,0,1,2,0
emotionet_3_171692.jpg,0,0,0,1,2,0
emotionet_3_171760.jpg,0,0,1,4,2,0
emotionet_3_171767.jpg,0,0,0,1,1,0
emotionet_3_171769.jpg,0,1,0,0,2,0
emotionet_3_171805.jpg,1,0,0,0,2,0
emotionet_3_171926.jpg,1,0,1,6,1,0
emotionet_3_171928.jpg,0,0,0,6,2,0
emotionet_3_171998.JPG,0,0,0,1,2,0
emotionet_3_172020.jpg,1,0,0,3,2,0
emotionet_3_172027.jpg,0,0,0,8,3,0
emotionet_3_172052.jpg,0,0,0,1,3,0
emotionet_3_172083.jpg,0,0,0,1,2,0
emotionet_3_172103.jpg,0,0,0,6,2,0
emotionet_3_172104.jpg,0,0,0,0,3,0
emotionet_3_172178.jpg,0,0,0,1,2,0
emotionet_3_173273.jpg,0,0,0,8,3,0
emotionet_3_173322.jpg,0,0,0,1,2,0
emotionet_3_173359.jpg,0,0,0,1,2,1
emotionet_3_173428.jpg,0,0,0,8,3,1
emotionet_3_173482.jpg,0,0,0,6,1,0
emotionet_3_173485.jpg,1,0,0,2,3,0
emotionet_3_173505.jpg,0,0,0,3,2,0
emotionet_3_173579.jpg,0,0,0,7,0,0
emotionet_3_173738.jpg,0,0,0,1,1,0
emotionet_3_173905.jpg,0,0,0,7,0,0
emotionet_3_173977.jpg,0,0,0,1,1,0
emotionet_3_173979.jpg,0,0,0,1,1,0
emotionet_3_174113.jpg,0,0,0,1,1,0
emotionet_3_174381.jpeg,0,0,0,1,2,0
emotionet_3_174384.jpg,0,0,0,1,3,0
emotionet_3_174489.jpg,0,1,0,1,1,0
emotionet_3_174500.jpg,0,0,0,1,2,0
emotionet_3_174507.jpg,0,0,0,7,0,0
emotionet_3_174741.jpg,0,0,0,0,2,0
emotionet_3_174851.jpg,1,0,0,1,2,0
emotionet_3_174887.jpg,0,0,0,1,0,0
emotionet_3_174894.JPG,1,0,0,5,1,0
emotionet_3_174900.jpg,0,0,0,3,2,0
emotionet_3_174972.jpg,1,0,1,3,2,0
emotionet_3_174975.jpg,0,0,0,7,2,0
emotionet_3_175057.jpg,0,0,0,6,2,1
emotionet_3_175086.jpg,0,0,2,1,1,0
emotionet_3_175088.jpg,0,1,0,6,2,0
emotionet_3_175101.jpg,0,0,0,6,2,0
emotionet_3_175108.jpg,0,0,0,0,0,1
emotionet_3_175173.jpg,0,0,0,1,2,0
emotionet_3_175174.jpg,0,0,0,2,2,0
emotionet_3_175218.jpg,0,0,0,0,1,0
emotionet_3_175263.jpg,0,0,0,3,2,0
emotionet_3_175264.jpg,0,0,0,3,1,0
emotionet_3_175515.jpg,0,0,0,8,3,0
emotionet_3_175679.jpg,0,0,0,2,1,0
emotionet_3_175836.jpg,1,0,0,8,3,0
emotionet_3_175838.jpg,0,0,0,1,2,0
emotionet_3_175843.jpg,0,0,1,6,1,0
emotionet_3_175844.jpg,0,0,0,1,2,0
emotionet_3_175895.jpg,0,0,0,0,2,0
emotionet_3_175912.jpg,0,1,0,0,3,0
emotionet_3_175960.jpg,0,0,0,8,3,0
emotionet_3_175967.jpg,0,0,0,6,2,0
emotionet_3_176061.jpg,0,0,0,6,2,0
emotionet_3_176130.jpg,0,0,0,6,2,1
emotionet_3_176252.jpg,0,0,1,1,2,0
emotionet_3_176283.jpg,0,0,0,1,2,0
emotionet_3_176284.jpg,0,0,0,8,3,0
emotionet_3_176371.jpg,0,0,0,3,2,0
emotionet_3_176400.jpg,0,1,0,1,1,0
emotionet_3_176523.jpg,1,0,0,1,2,0
emotionet_3_176580.jpg,0,0,0,0,0,1
emotionet_3_176699.jpg,0,0,0,1,3,0
emotionet_3_176717.jpg,0,0,0,0,0,1
emotionet_3_176762.jpg,0,0,0,4,2,0
emotionet_3_176872.jpg,0,0,0,3,2,0
emotionet_3_176951.jpg,0,0,0,0,0,1
emotionet_3_176956.jpg,0,0,0,1,2,0
emotionet_3_177008.jpg,0,0,0,3,2,0
emotionet_3_177073.jpg,0,0,0,1,2,0
emotionet_3_177074.jpg,0,0,0,0,2,0
emotionet_3_177150.jpg,0,0,0,3,1,0
emotionet_3_177157.jpg,0,0,0,0,2,0
emotionet_3_177181.jpg,0,0,0,1,3,0
emotionet_3_177247.jpg,0,0,0,1,2,0
emotionet_3_177291.jpg,0,0,0,1,2,0
emotionet_3_177296.jpg,1,0,0,2,1,0
emotionet_3_177311.jpg,1,0,0,6,2,0
emotionet_3_177412.jpg,0,0,0,1,2,0
emotionet_3_177415.jpg,0,0,0,3,2,0
emotionet_3_177531.jpg,0,0,0,2,2,0
emotionet_3_177536.jpg,0,0,0,6,2,0
emotionet_3_177654.jpg,1,0,0,8,3,0
emotionet_3_177860.jpg,0,0,0,1,3,0
emotionet_3_177867.jpg,0,0,1,1,2,0
emotionet_3_177869.jpg,0,0,0,1,3,0
emotionet_3_177938.jpg,0,0,0,1,2,0
emotionet_3_177943.jpg,0,0,0,3,2,0
emotionet_3_177944.jpg,0,0,2,6,2,0
emotionet_3_177992.jpg,0,0,0,1,2,0
emotionet_3_178059.jpg,0,0,0,0,0,1
emotionet_3_178088.jpg,0,0,0,3,3,0
emotionet_3_178101.jpg,0,0,0,1,1,0
emotionet_3_178108.jpg,1,0,0,5,1,0
emotionet_3_178263.jpg,0,0,0,0,2,0
emotionet_3_178332.jpg,0,0,0,0,0,1
emotionet_3_178335.jpg,0,0,0,1,2,0
emotionet_3_178347.jpg,0,1,0,7,0,0
emotionet_3_178349.jpg,0,0,0,6,2,0
emotionet_3_178492.jpg,0,0,0,1,2,0
emotionet_3_178495.jpg,0,0,0,1,2,0
emotionet_3_178515.jpg,0,0,0,0,0,1
emotionet_3_178569.jpg,0,0,0,3,2,0
emotionet_3_1806.jpg,0,0,0,4,2,0
emotionet_3_185.jpg,0,0,0,6,2,0
emotionet_3_1873.jpg,0,0,0,3,2,0
emotionet_3_1874.jpg,0,0,0,1,2,0
emotionet_3_1950.jpg,0,0,0,3,2,0
emotionet_3_19562.jpg,0,0,0,8,0,0
emotionet_3_19565.jpg,0,0,0,1,2,0
emotionet_3_1957.jpg,0,0,0,3,3,0
emotionet_3_19672.jpg,0,0,1,0,2,0
emotionet_3_19675.jpg,0,0,0,0,0,1
emotionet_3_19751.jpg,0,0,0,0,0,1
emotionet_3_19756.jpg,0,0,0,3,3,0
emotionet_3_1981.jpg,0,0,0,0,0,1
emotionet_3_19833.jpg,0,0,0,1,2,0
emotionet_3_19848.jpg,0,0,0,8,3,0
emotionet_3_1986.jpg,0,0,0,1,3,0
emotionet_3_200126.jpg,0,0,0,1,2,0
emotionet_3_200153.jpg,0,0,0,0,2,0
emotionet_3_200231.jpg,1,0,0,3,2,0
emotionet_3_20024.jpg,0,0,0,1,2,0
emotionet_3_200416.jpg,0,0,0,1,3,0
emotionet_3_200464.jpg,0,0,0,1,2,0
emotionet_3_200540.jpg,1,0,0,2,2,0
emotionet_3_200554.JPG,0,0,0,0,0,1
emotionet_3_200657.jpg,0,0,0,3,2,0
emotionet_3_200681.jpg,0,0,0,0,0,1
emotionet_3_200688.jpg,0,0,0,1,2,0
emotionet_3_200701.jpg,0,0,0,1,3,0
emotionet_3_200773.jpg,0,0,0,0,2,0
emotionet_3_200774.jpg,0,0,0,6,2,0
emotionet_3_200811.jpg,0,0,0,1,2,0
emotionet_3_200816.jpg,0,0,0,0,2,0
emotionet_3_200864.jpg,0,0,0,0,0,1
emotionet_3_201065.jpg,1,0,0,6,1,0
emotionet_3_201190.jpg,0,0,0,3,2,0
emotionet_3_201199.jpg,0,0,0,1,2,0
emotionet_3_201256.jpg,0,0,0,1,2,0
emotionet_3_201478.jpg,0,0,0,1,2,0
emotionet_3_201555.jpg,0,0,0,0,2,0
emotionet_3_201583.jpg,0,0,0,2,3,0
emotionet_3_201584.jpg,0,0,0,1,1,0
emotionet_3_201761.jpg,0,0,0,2,2,0
emotionet_3_20265.jpg,0,0,0,1,0,0
emotionet_3_20333.jpg,1,0,0,5,2,0
emotionet_3_20494.jpg,0,0,0,1,2,0
emotionet_3_2051.jpg,0,0,0,1,2,0
emotionet_3_20513.jpg,0,0,0,1,3,0
emotionet_3_20514.jpg,1,1,2,7,0,0
emotionet_3_2056.jpg,0,0,0,3,2,0
emotionet_3_2058.jpg,0,0,0,1,2,0
emotionet_3_2080.jpg,0,0,0,3,2,0
emotionet_3_21809.jpeg,1,0,1,5,1,0
emotionet_3_21811.jpeg,0,0,1,1,2,0
emotionet_3_21820.jpeg,0,0,1,1,2,0
emotionet_3_21842.jpeg,1,0,1,5,2,0
emotionet_3_21888.jpg,0,0,0,5,3,0
emotionet_3_21901.jpg,1,0,1,1,2,0
emotionet_3_21973.jpg,1,0,0,1,3,0
emotionet_3_22007.jpg,0,0,0,6,2,0
emotionet_3_22009.jpg,0,0,0,3,2,0
emotionet_3_22151.jpg,0,0,0,1,2,0
emotionet_3_22180.jpg,0,0,0,1,2,0
emotionet_3_22187.jpg,1,0,0,8,3,0
emotionet_3_22246.jpg,0,0,0,1,3,0
emotionet_3_22248.jpg,0,0,0,8,3,0
emotionet_3_22290.jpg,0,0,0,1,2,0
emotionet_3_22362.jpg,0,0,0,1,1,0
emotionet_3_22414.jpg,0,0,0,3,2,0
emotionet_3_22537.jpg,0,0,1,5,2,0
emotionet_3_22620.jpg,0,0,0,0,2,0
emotionet_3_22778.jpg,0,0,0,1,2,0
emotionet_3_22866.jpg,0,0,0,4,2,0
emotionet_3_22939.jpg,0,0,0,1,3,0
emotionet_3_22942.jpg,0,0,0,0,2,0
emotionet_3_22993.jpg,0,0,0,0,2,0
emotionet_3_22994.jpg,1,0,2,1,2,0
emotionet_3_23060.jpg,0,0,0,3,3,0
emotionet_3_23067.jpg,0,0,0,1,2,0
emotionet_3_23138.jpg,0,0,0,1,2,0
emotionet_3_23143.jpg,0,0,0,3,2,0
emotionet_3_23144.jpg,1,0,0,6,2,0
emotionet_3_23226.jpg,0,0,0,1,3,0
emotionet_3_23228.jpg,0,0,0,1,2,0
emotionet_3_23291.JPG,0,0,0,3,3,0
emotionet_3_23370.jpg,0,0,0,0,0,1
emotionet_3_23377.jpg,0,0,0,1,3,0
emotionet_3_23401.jpg,1,0,0,5,3,0
emotionet_3_2346.jpg,0,0,0,1,2,0
emotionet_3_23550.jpg,0,0,0,6,2,0
emotionet_3_23581.jpg,0,0,0,0,0,1
emotionet_3_238.jpg,0,0,0,3,2,0
emotionet_3_2390.jpg,0,0,0,3,2,0
emotionet_3_23981.jpg,0,0,0,1,2,0
emotionet_3_24017.jpg,1,0,0,0,2,0
emotionet_3_24133.jpg,0,0,0,0,2,0
emotionet_3_24148.jpg,0,0,0,3,2,0
emotionet_3_24251.jpg,0,0,0,5,2,0
emotionet_3_24280.jpg,0,0,0,0,2,0
emotionet_3_2439.jpg,0,0,0,1,2,0
emotionet_3_24471.jpg,0,0,0,0,0,1
emotionet_3_24555.jpg,0,0,0,1,2,0
emotionet_3_24761.jpg,0,0,0,8,3,0
emotionet_3_24804.jpg,0,0,0,1,2,0
emotionet_3_24871.jpg,0,0,0,1,2,0
emotionet_3_24878.jpg,0,0,0,6,2,0
emotionet_3_24920.jpg,0,0,0,1,2,0
emotionet_3_24984.jpg,0,0,0,6,2,0
emotionet_3_25005.jpg,0,0,0,4,2,0
emotionet_3_25126.jpg,0,1,0,1,2,0
emotionet_3_25154.jpg,0,0,0,1,2,0
emotionet_3_25312.jpg,0,0,0,0,2,0
emotionet_3_25315.jpg,0,0,0,6,2,0
emotionet_3_25463.jpg,0,0,0,8,3,0
emotionet_3_25464.jpg,1,0,0,5,2,0
emotionet_3_25535.jpg,0,0,0,1,2,0
emotionet_3_25591.jpg,0,0,0,0,0,1
emotionet_3_25622.jpg,0,0,0,6,2,0
emotionet_3_25650.jpg,0,0,0,3,2,0
emotionet_3_25657.jpg,0,0,0,6,2,0
emotionet_3_2568.jpg,0,0,0,1,3,0
emotionet_3_25681.jpg,0,0,0,1,2,0
emotionet_3_25686.jpg,0,0,0,4,2,0
emotionet_3_25708.jpg,0,0,0,0,2,0
emotionet_3_25811.jpg,0,0,0,6,1,0
emotionet_3_25947.jpg,1,0,0,5,2,0
emotionet_3_26033.jpg,0,0,0,4,2,0
emotionet_3_2604.jpg,0,0,0,0,2,0
emotionet_3_26048.jpg,0,0,0,4,2,0
emotionet_3_26090.jpg,0,0,0,1,2,0
emotionet_3_26099.jpg,0,1,0,0,2,0
emotionet_3_26110.jpg,0,0,0,8,3,0
emotionet_3_26117.jpg,0,0,0,1,2,0
emotionet_3_26272.jpg,0,0,0,1,2,0
emotionet_3_26323.jpg,0,0,0,1,2,0
emotionet_3_26356.jpg,0,0,0,1,3,0
emotionet_3_26358.jpg,0,0,0,1,3,0
emotionet_3_26389.jpg,0,0,0,0,0,1
emotionet_3_26420.jpg,1,0,0,1,2,0
emotionet_3_26484.jpg,1,0,0,1,2,0
emotionet_3_26504.jpg,0,0,0,1,3,0
emotionet_3_26576.jpg,0,0,0,3,2,0
emotionet_3_26613.jpg,0,0,0,6,2,0
emotionet_3_26661.jpg,0,0,0,1,2,0
emotionet_3_26666.jpeg,1,0,0,3,1,0
emotionet_3_26737.jpg,0,0,0,4,2,0
emotionet_3_26742.jpg,0,0,1,5,1,0
emotionet_3_26745.jpg,0,0,0,1,2,0
emotionet_3_2676.jpg,0,0,0,0,0,1
emotionet_3_2678.jpg,0,0,0,0,0,1
emotionet_3_26793.jpg,1,0,0,7,0,0
emotionet_3_26794.jpg,0,0,0,1,2,0
emotionet_3_26820.jpg,0,0,0,1,1,0
emotionet_3_26827.jpg,0,0,0,6,2,0
emotionet_3_26868.jpeg,0,0,0,0,1,0
emotionet_3_26978.jpg,0,0,0,1,2,0
emotionet_3_27053.jpg,1,0,0,1,2,0
emotionet_3_27082.jpg,0,0,0,1,3,0
emotionet_3_27105.jpg,0,0,0,1,1,0
emotionet_3_27111.JPG,0,0,0,3,2,0
emotionet_3_27116.JPG,0,0,0,8,3,0
emotionet_3_27177.jpg,0,0,0,1,3,0
emotionet_3_27179.jpg,0,0,0,6,2,0
emotionet_3_2720.jpg,0,0,0,1,2,0
emotionet_3_27269.jpg,0,0,0,1,2,0
emotionet_3_2727.jpg,0,0,0,6,2,0
emotionet_3_27336.jpg,0,0,0,8,3,0
emotionet_3_27344.jpg,0,1,0,4,2,0
emotionet_3_27432.jpg,0,0,0,0,2,0
emotionet_3_27540.jpeg,0,0,0,1,3,0
emotionet_3_27564.jpg,0,0,2,8,3,0
emotionet_3_27570.JPG,0,0,0,3,2,0
emotionet_3_27601.jpg,0,0,0,1,2,0
emotionet_3_27608.jpg,0,0,1,1,2,0
emotionet_3_27725.jpg,0,0,0,1,2,0
emotionet_3_27781.jpg,0,0,0,0,2,0
emotionet_3_27786.jpg,0,0,0,3,2,0
emotionet_3_27788.jpg,0,0,0,1,2,0
emotionet_3_27891.jpg,0,1,0,3,2,0
emotionet_3_27911.jpg,0,0,0,8,3,0
emotionet_3_27916.jpg,0,0,0,3,2,0
emotionet_3_27964.jpg,0,0,0,1,3,0
emotionet_3_27970.JPG,0,0,0,6,2,0
emotionet_3_28005.jpg,0,0,0,3,2,0
emotionet_3_28077.jpg,0,0,0,1,3,0
emotionet_3_28153.jpg,0,0,0,1,2,0
emotionet_3_28154.jpg,1,0,0,6,1,0
emotionet_3_28182.jpg,0,0,0,1,2,0
emotionet_3_28244.jpg,0,0,0,1,2,0
emotionet_3_28292.jpg,0,0,0,5,2,0
emotionet_3_28360.jpg,0,0,0,6,2,0
emotionet_3_28367.jpg,0,0,0,0,2,0
emotionet_3_28416.jpg,0,0,0,1,3,0
emotionet_3_28540.jpg,0,0,0,1,2,0
emotionet_3_28622.jpg,0,0,0,3,2,0
emotionet_3_28625.jpg,0,0,0,0,2,0
emotionet_3_28657.jpg,1,0,0,1,1,0
emotionet_3_28659.jpg,0,0,0,1,3,0
emotionet_3_28688.jpg,0,0,0,6,2,0
emotionet_3_28701.jpg,0,0,0,1,2,0
emotionet_3_28706.jpg,0,0,0,3,2,0
emotionet_3_28932.jpg,0,0,0,8,3,0
emotionet_3_28991.jpg,0,0,0,3,2,0
emotionet_3_28996.jpg,0,1,0,3,3,0
emotionet_3_29062.jpg,0,0,0,5,3,0
emotionet_3_29065.jpg,0,0,0,1,3,0
emotionet_3_29146.jpg,0,0,0,3,2,0
emotionet_3_29197.jpg,0,0,0,1,2,0
emotionet_3_292.jpg,0,0,0,8,3,0
emotionet_3_29280.jpg,1,0,1,5,1,0
emotionet_3_29300.jpg,1,0,1,1,3,0
emotionet_3_29404.jpg,0,0,0,6,2,0
emotionet_3_29476.jpg,1,0,0,7,2,0
emotionet_3_29478.jpg,0,0,0,1,2,0
emotionet_3_29527.jpg,0,0,0,3,1,0
emotionet_3_29552.jpg,1,0,0,3,3,0
emotionet_3_29637.jpg,0,0,0,3,2,0
emotionet_3_29694.jpg,1,0,0,6,3,0
emotionet_3_29713.jpg,0,0,0,6,2,0
emotionet_3_29714.jpg,0,0,1,3,2,0
emotionet_3_29876.jpg,1,0,0,5,2,0
emotionet_3_29929.jpg,0,0,0,1,2,0
emotionet_3_29983.jpg,0,0,0,1,2,0
emotionet_3_29984.jpg,0,0,0,1,2,0
emotionet_3_30041.jpg,0,0,0,1,2,0
emotionet_3_30097.jpg,0,0,0,1,2,0
emotionet_3_30119.jpg,0,0,0,1,2,0
emotionet_3_30165.jpg,0,0,0,1,2,0
emotionet_3_30171.JPG,0,0,0,0,0,1
emotionet_3_30209.jpg,0,1,0,1,2,0
emotionet_3_30272.jpg,0,0,0,4,2,0
emotionet_3_30291.jpeg,0,1,0,3,2,0
emotionet_3_30358.jpg,0,0,0,1,2,0
emotionet_3_30380.jpg,1,0,0,1,1,0
emotionet_3_30420.jpg,0,0,0,3,2,0
emotionet_3_30427.jpg,0,0,0,3,3,0
emotionet_3_30613.jpg,0,0,0,0,3,0
emotionet_3_30661.jpg,0,0,0,6,2,0
emotionet_3_30730.jpg,0,0,0,8,3,0
emotionet_3_30829.jpg,0,0,0,1,2,0
emotionet_3_30855.jpg,0,0,0,5,2,0
emotionet_3_30883.jpg,0,0,0,3,3,0
emotionet_3_30976.jpg,0,0,0,1,2,0
emotionet_3_30978.jpg,0,0,0,1,1,0
emotionet_3_31021.jpg,1,0,0,8,3,0
emotionet_3_31069.jpeg,1,0,0,5,1,0
emotionet_3_31071.jpeg,1,1,1,0,2,0
emotionet_3_31082.jpg,0,0,0,3,2,0
emotionet_3_31177.jpg,0,0,0,1,2,0
emotionet_3_31336.jpg,0,0,0,1,1,0
emotionet_3_31338.jpg,0,0,0,1,1,0
emotionet_3_31343.jpg,0,0,1,1,2,0
emotionet_3_31344.jpg,0,0,0,1,2,0
emotionet_3_31395.jpg,1,0,1,5,1,0
emotionet_3_31432.jpg,1,0,1,5,1,0
emotionet_3_31440.jpg,0,0,0,0,2,0
emotionet_3_31449.jpg,1,0,1,1,2,0
emotionet_3_31511.jpg,1,0,0,7,0,0
emotionet_3_31518.jpg,0,0,0,1,2,0
emotionet_3_31601.jpg,1,1,0,5,1,0
emotionet_3_31757.jpg,0,0,0,1,2,0
emotionet_3_32065.jpg,0,0,0,4,2,0
emotionet_3_32146.jpg,0,0,0,1,2,0
emotionet_3_32148.jpg,0,0,0,1,2,0
emotionet_3_32197.jpg,0,0,0,3,2,0
emotionet_3_32199.jpg,0,0,0,1,3,0
emotionet_3_32223.jpg,1,0,0,3,2,0
emotionet_3_32527.jpg,0,0,0,3,2,0
emotionet_3_32555.jpg,0,0,0,6,2,0
emotionet_3_32584.jpg,0,0,0,4,1,0
emotionet_3_32630.jpg,0,0,0,3,2,0
emotionet_3_32642.jpg,0,0,0,1,2,0
emotionet_3_32693.jpg,0,0,0,1,2,0
emotionet_3_32714.jpg,0,0,0,1,2,0
emotionet_3_32955.jpg,0,0,0,1,2,0
emotionet_3_32983.jpg,0,0,0,3,2,0
emotionet_3_33002.jpg,0,0,0,3,2,0
emotionet_3_33070.jpg,1,0,1,7,0,0
emotionet_3_33153.jpg,0,0,0,1,2,0
emotionet_3_33154.jpg,1,0,0,7,1,0
emotionet_3_3321.jpg,0,0,0,1,2,0
emotionet_3_3328.jpg,0,0,0,1,2,0
emotionet_3_33369.jpg,0,0,0,1,3,0
emotionet_3_33416.jpg,0,0,0,3,3,0
emotionet_3_3347.JPG,0,0,0,1,1,0
emotionet_3_3353.jpg,0,0,0,1,2,0
emotionet_3_33535.jpg,0,0,0,1,2,0
emotionet_3_3354.jpg,0,0,0,1,1,0
emotionet_3_33622.jpg,0,0,1,2,2,0
emotionet_3_33625.jpg,0,0,0,8,3,0
emotionet_3_33659.jpg,1,0,0,5,1,0
emotionet_3_33774.jpg,0,0,0,8,3,0
emotionet_3_33818.jpg,0,0,0,1,2,0
emotionet_3_3418.jpeg,0,0,0,0,2,0
emotionet_3_34542.jpg,0,0,1,7,0,0
emotionet_3_3457.jpg,1,0,0,0,3,0
emotionet_3_34593.jpg,0,0,0,1,2,0
emotionet_3_34594.jpg,0,0,0,6,2,1
emotionet_3_34629.jpg,0,0,0,3,3,1
emotionet_3_34652.jpg,0,0,0,1,1,1
emotionet_3_34703.jpg,0,0,0,1,2,0
emotionet_3_34814.jpg,1,0,0,8,3,0
emotionet_3_34866.jpg,1,0,0,6,1,0
emotionet_3_34868.jpg,0,0,0,0,3,0
emotionet_3_34932.jpeg,0,0,0,1,3,0
emotionet_3_34942.jpg,0,0,0,1,2,0
emotionet_3_3501.jpg,0,0,0,1,2,0
emotionet_3_35015.jpg,0,0,0,8,3,1
emotionet_3_3506.jpg,0,0,0,1,2,0
emotionet_3_35136.jpg,0,0,0,1,3,0
emotionet_3_35143.jpg,0,0,1,1,2,0
emotionet_3_35192.jpg,0,0,0,1,2,0
emotionet_3_35228.jpg,0,0,2,1,1,0
emotionet_3_35305.jpg,0,0,0,0,2,0
emotionet_3_35370.jpg,1,0,0,5,2,0
emotionet_3_35379.jpg,1,0,0,2,2,0
emotionet_3_35408.jpg,0,0,1,1,1,0
emotionet_3_35473.jpg,0,0,0,8,3,0
emotionet_3_35474.jpg,1,0,0,1,2,0
emotionet_3_35550.jpg,0,0,1,6,1,0
emotionet_3_35557.jpg,1,1,0,6,1,0
emotionet_3_35581.jpg,1,0,0,1,3,0
emotionet_3_35635.jpg,0,0,0,1,3,0
emotionet_3_35647.jpg,0,0,0,1,2,0
emotionet_3_35698.jpg,0,0,0,3,2,0
emotionet_3_35711.jpg,1,0,1,2,2,0
emotionet_3_35718.jpg,0,0,0,1,1,0
emotionet_3_35806.jpg,0,0,0,1,2,0
emotionet_3_35981.jpg,0,0,0,3,2,0
emotionet_3_360.jpg,0,0,0,1,2,0
emotionet_3_36023.jpg,1,0,0,1,2,0
emotionet_3_36037.JPG,0,0,0,0,2,0
emotionet_3_36058.jpg,0,0,0,6,2,0
emotionet_3_36100.jpg,0,0,0,0,3,0
emotionet_3_36107.jpg,0,0,0,3,2,0
emotionet_3_3611.jpg,0,0,0,1,2,0
emotionet_3_3616.jpg,0,0,0,1,2,0
emotionet_3_36172.jpg,0,0,0,1,3,0
emotionet_3_3618.jpg,0,0,0,1,2,0
emotionet_3_36293.jpeg,0,0,0,1,2,0
emotionet_3_36333.jpg,0,1,0,1,1,0
emotionet_3_36334.jpg,0,0,0,0,2,0
emotionet_3_36671.jpg,0,0,0,3,2,0
emotionet_3_36783.jpg,0,0,0,1,2,0
emotionet_3_36837.jpg,0,0,0,1,3,0
emotionet_3_36839.jpg,0,0,0,3,2,0
emotionet_3_369.jpg,0,0,0,4,2,0
emotionet_3_36968.jpg,0,0,0,7,2,0
emotionet_3_37095.jpg,0,0,0,1,2,0
emotionet_3_37160.jpg,0,0,1,1,2,0
emotionet_3_37174.JPG,1,0,0,3,2,0
emotionet_3_37202.jpg,0,0,0,8,3,1
emotionet_3_37326.jpg,1,0,0,1,2,0
emotionet_3_37382.jpg,0,0,1,3,3,0
emotionet_3_37425.jpg,0,0,0,4,2,0
emotionet_3_37481.jpg,0,0,0,7,0,0
emotionet_3_37663.jpg,0,0,1,6,2,0
emotionet_3_37664.jpg,1,0,0,1,2,0
emotionet_3_37732.jpg,0,0,0,1,2,0
emotionet_3_37754.JPG,0,0,0,1,1,0
emotionet_3_37825.jpg,0,0,0,1,2,0
emotionet_3_38136.jpg,0,0,0,1,2,0
emotionet_3_38138.jpg,0,0,0,6,1,0
emotionet_3_38192.jpg,0,0,0,0,2,0
emotionet_3_38195.jpg,0,0,1,1,1,0
emotionet_3_38253.jpg,1,0,0,1,2,0
emotionet_3_38254.jpg,0,0,0,0,3,0
emotionet_3_38282.jpg,0,0,0,1,2,0
emotionet_3_38285.jpg,0,0,0,1,1,0
emotionet_3_38305.jpg,0,0,0,1,2,0
emotionet_3_38401.jpg,0,0,0,3,2,0
emotionet_3_38406.jpg,0,0,0,1,2,0
emotionet_3_38557.jpg,1,0,1,7,0,0
emotionet_3_38592.JPG,0,0,0,4,2,0
emotionet_3_38640.jpg,0,0,0,1,3,0
emotionet_3_38716.jpg,0,0,0,8,3,0
emotionet_3_3881.jpg,0,0,0,1,2,0
emotionet_3_38873.jpg,1,0,1,5,3,0
emotionet_3_3888.jpg,1,0,0,1,2,0
emotionet_3_38950.jpg,1,0,0,5,1,0
emotionet_3_38986.jpg,0,0,0,1,2,0
emotionet_3_3908.jpg,0,0,0,1,2,0
emotionet_3_39124.jpg,0,0,0,2,0,0
emotionet_3_39180.jpg,0,0,0,1,2,0
emotionet_3_39187.jpg,0,0,0,6,2,0
emotionet_3_39189.jpg,1,0,1,5,2,0
emotionet_3_39290.jpg,1,0,1,1,2,0
emotionet_3_39297.jpg,1,0,0,3,2,0
emotionet_3_39362.jpg,0,0,0,1,2,0
emotionet_3_39365.jpg,0,0,0,3,3,0
emotionet_3_39413.jpg,0,0,1,6,2,0
emotionet_3_39414.jpg,0,0,1,6,2,0
emotionet_3_39461.jpg,0,0,0,3,2,0
emotionet_3_39468.jpg,0,0,0,3,3,0
emotionet_3_39539.jpg,0,0,1,5,2,0
emotionet_3_39594.jpg,0,0,1,6,2,0
emotionet_3_39704.jpg,0,0,1,1,2,0
emotionet_3_3973.jpg,1,0,0,5,1,0
emotionet_3_3974.jpg,1,0,1,5,1,0
emotionet_3_39778.jpg,1,0,0,1,1,0
emotionet_3_39813.jpg,0,0,0,0,2,0
emotionet_3_39857.jpeg,1,0,1,2,2,0
emotionet_3_39861.jpg,0,0,0,1,2,0
emotionet_3_39866.jpg,1,0,0,3,3,0
emotionet_3_40003.jpg,0,0,0,1,2,0
emotionet_3_40065.JPG,0,0,0,1,3,0
emotionet_3_40120.jpg,0,0,0,2,2,0
emotionet_3_40127.jpg,0,0,0,1,2,0
emotionet_3_40230.jpg,0,0,0,1,2,0
emotionet_3_40368.jpg,1,0,0,5,3,0
emotionet_3_40462.jpg,1,0,0,7,0,0
emotionet_3_40541.jpg,0,0,0,1,2,0
emotionet_3_40546.jpg,0,0,0,1,1,0
emotionet_3_40548.jpg,1,0,0,5,3,0
emotionet_3_40590.jpg,1,0,0,2,1,0
emotionet_3_40599.jpg,0,0,0,0,3,0
emotionet_3_40656.jpg,0,0,0,5,2,0
emotionet_3_40687.jpg,0,0,0,1,2,0
emotionet_3_40707.jpg,0,0,0,1,2,0
emotionet_3_40709.jpg,0,0,1,3,1,0
emotionet_3_40810.jpg,0,0,0,0,0,1
emotionet_3_40862.jpg,0,0,0,1,2,0
emotionet_3_4090.jpg,0,0,0,1,2,0
emotionet_3_40934.jpg,0,0,0,1,2,0
emotionet_3_40948.jpg,0,0,1,5,1,0
emotionet_3_40999.jpg,0,0,0,3,2,0
emotionet_3_41011.jpg,0,0,0,6,1,0
emotionet_3_411.jpg,0,0,0,3,2,0
emotionet_3_41250.jpg,0,0,0,3,2,0
emotionet_3_41301.jpg,0,0,0,3,3,0
emotionet_3_41308.jpg,1,1,0,1,2,0
emotionet_3_41463.JPG,1,0,0,3,2,0
emotionet_3_41477.jpg,0,0,0,6,2,0
emotionet_3_416.jpg,0,0,0,1,2,0
emotionet_3_41631.jpg,0,0,0,8,3,0
emotionet_3_41638.jpg,0,0,0,1,2,0
emotionet_3_41643.jpg,0,0,0,1,2,0
emotionet_3_41760.jpg,1,0,0,3,2,0
emotionet_3_41767.jpg,0,0,0,1,2,0
emotionet_3_41769.jpg,0,0,0,0,2,0
emotionet_3_41802.jpg,0,0,1,3,2,0
emotionet_3_41879.jpg,1,0,1,1,1,0
emotionet_3_41954.jpg,0,0,0,1,1,0
emotionet_3_42052.jpg,0,0,0,1,3,0
emotionet_3_42104.jpg,0,0,0,1,2,0
emotionet_3_42178.jpg,0,0,0,3,2,0
emotionet_3_42213.jpg,0,0,0,1,2,0
emotionet_3_42337.jpg,0,0,0,1,2,0
emotionet_3_42339.jpg,0,0,0,1,2,0
emotionet_3_42345.jpg,1,0,0,8,3,0
emotionet_3_42441.jpg,1,0,0,1,2,0
emotionet_3_42446.jpg,0,0,1,5,1,0
emotionet_3_42519.jpg,0,0,1,1,2,0
emotionet_3_42565.jpg,0,0,0,3,2,0
emotionet_3_42672.jpg,0,0,0,1,3,0
emotionet_3_42675.jpg,0,0,0,1,2,0
emotionet_3_4272.jpg,0,0,0,0,3,0
emotionet_3_42724.jpg,0,0,0,5,3,0
emotionet_3_42787.jpg,0,0,0,8,3,0
emotionet_3_42833.jpg,0,0,0,1,2,0
emotionet_3_42834.jpg,1,0,1,1,2,0
emotionet_3_42917.jpg,0,0,1,1,3,0
emotionet_3_42919.jpg,0,0,0,1,1,0
emotionet_3_43021.JPG,0,0,0,1,2,0
emotionet_3_43035.jpg,0,0,0,3,3,0
emotionet_3_43049.jpg,0,0,0,6,2,0
emotionet_3_43118.jpg,0,0,0,1,2,0
emotionet_3_43164.jpg,0,0,0,1,1,0
emotionet_3_4323.jpg,0,0,1,0,2,0
emotionet_3_43485.jpg,0,0,1,0,2,0
emotionet_3_43563.JPG,0,0,0,3,2,0
emotionet_3_43577.jpg,0,0,0,1,2,0
emotionet_3_43579.jpg,0,0,0,1,2,0
emotionet_3_43612.jpg,0,0,2,4,2,0
emotionet_3_43738.jpg,0,0,0,4,2,0
emotionet_3_43821.jpg,0,0,0,2,2,0
emotionet_3_43826.jpg,0,0,0,1,2,0
emotionet_3_43905.jpg,0,0,0,6,2,0
emotionet_3_44037.jpg,1,0,1,1,2,0
emotionet_3_44039.jpg,1,0,0,1,1,0
emotionet_3_44042.jpg,0,0,0,3,2,0
emotionet_3_44093.jpg,0,0,1,1,1,0
emotionet_3_44094.jpg,1,0,0,8,3,0
emotionet_3_44161.jpg,0,0,0,2,2,0
emotionet_3_44166.jpg,0,0,1,1,1,0
emotionet_3_44384.jpg,0,0,0,1,3,0
emotionet_3_44456.jpg,0,0,0,1,2,0
emotionet_3_44458.jpg,0,0,0,1,2,0
emotionet_3_44487.jpg,0,0,0,3,2,0
emotionet_3_44507.jpg,0,0,0,8,3,0
emotionet_3_4455.jpg,0,0,0,1,2,0
emotionet_3_44610.jpg,0,0,0,3,3,0
emotionet_3_44617.jpg,0,0,0,1,2,0
emotionet_3_44830.JPG,0,0,0,1,3,0
emotionet_3_44856.jpg,0,0,0,1,1,0
emotionet_3_44880.jpg,0,0,0,7,2,0
emotionet_3_44972.jpg,0,0,0,1,2,0
emotionet_3_44975.jpg,0,0,0,1,1,0
emotionet_3_45101.jpg,0,0,1,1,2,0
emotionet_3_45216.jpg,0,0,0,1,3,0
emotionet_3_45347.jpg,0,0,0,3,2,0
emotionet_3_45431.jpg,1,0,0,8,3,0
emotionet_3_45438.jpg,0,0,0,4,2,0
emotionet_3_45512.jpg,0,0,0,1,2,0
emotionet_3_45515.jpg,0,0,0,1,2,0
emotionet_3_45602.jpg,0,0,0,6,2,0
emotionet_3_45605.jpg,0,0,0,1,3,0
emotionet_3_45677.jpg,1,0,0,8,3,0
emotionet_3_45782.jpg,0,0,0,4,2,0
emotionet_3_45895.jpg,0,0,0,1,2,0
emotionet_3_45967.jpg,0,0,0,0,2,0
emotionet_3_46130.jpg,0,0,0,0,2,0
emotionet_3_46151.JPG,0,1,0,1,2,0
emotionet_3_46187.JPG,0,0,0,7,0,0
emotionet_3_46193.jpg,0,0,0,3,2,0
emotionet_3_46194.jpg,0,1,0,7,2,0
emotionet_3_46208.jpeg,0,0,0,3,2,0
emotionet_3_46227.jpg,0,0,0,1,2,0
emotionet_3_46252.jpg,0,0,0,8,3,0
emotionet_3_46376.jpg,0,0,0,3,2,0
emotionet_3_46475.jpg,1,0,0,3,3,0
emotionet_3_46524.jpg,0,0,0,2,3,0
emotionet_3_46551.jpg,0,0,0,1,2,0
emotionet_3_46558.jpg,0,0,0,0,0,1
emotionet_3_4661.jpg,1,0,1,5,1,0
emotionet_3_46633.jpg,0,0,0,3,3,0
emotionet_3_46634.jpg,0,0,0,3,2,0
emotionet_3_46646.jpg,0,0,0,0,0,1
emotionet_3_46648.jpg,0,0,0,2,3,0
emotionet_3_4666.jpg,0,0,0,1,2,0
emotionet_3_46699.jpg,0,0,0,1,2,0
emotionet_3_46710.jpg,0,0,0,1,2,0
emotionet_3_46717.jpg,0,0,0,3,2,0
emotionet_3_46951.jpg,0,0,0,0,2,0
emotionet_3_46980.jpg,1,0,0,1,2,0
emotionet_3_46987.jpg,0,0,0,0,2,0
emotionet_3_47074.jpg,1,0,0,5,3,0
emotionet_3_47150.jpg,0,0,0,1,2,0
emotionet_3_47157.jpg,0,0,0,1,2,0
emotionet_3_47181.jpg,0,0,0,1,2,0
emotionet_3_47186.jpg,0,0,0,1,2,0
emotionet_3_47192.JPG,0,0,0,6,3,0
emotionet_3_47247.jpg,0,0,0,5,2,0
emotionet_3_47363.jpg,0,0,0,8,3,0
emotionet_3_47364.jpg,0,0,0,1,3,0
emotionet_3_47412.jpg,0,0,0,1,2,0
emotionet_3_47415.jpg,0,0,0,3,2,0
emotionet_3_47467.jpg,0,0,0,3,2,0
emotionet_3_47469.jpg,0,0,0,2,2,0
emotionet_3_47543.jpg,0,0,0,3,2,0
emotionet_3_47592.jpg,1,0,0,2,2,0
emotionet_3_47621.jpg,0,0,0,1,2,0
emotionet_3_47860.jpg,0,0,0,1,2,0
emotionet_3_47867.jpg,0,0,0,0,2,0
emotionet_3_47869.jpg,0,0,0,1,2,0
emotionet_3_47939.jpeg,1,0,0,5,1,0
emotionet_3_47943.jpg,0,0,0,7,0,0
emotionet_3_47944.jpg,0,0,0,0,2,0
emotionet_3_48050.jpg,0,0,1,1,1,0
emotionet_3_48088.jpg,0,0,0,0,3,0
emotionet_3_48101.jpg,0,0,0,8,3,0
emotionet_3_48106.jpg,1,0,0,1,2,0
emotionet_3_48108.jpg,1,0,0,2,3,0
emotionet_3_48174.jpg,0,0,0,3,1,0
emotionet_3_4820.jpg,0,0,1,3,3,0
emotionet_3_48211.jpg,0,0,0,1,1,0
emotionet_3_48216.jpg,0,0,0,0,3,0
emotionet_3_4827.jpg,0,0,1,4,2,0
emotionet_3_48431.jpg,1,0,0,2,1,0
emotionet_3_48443.jpg,0,0,0,0,2,0
emotionet_3_48444.jpg,0,0,0,3,3,0
emotionet_3_48515.jpg,0,0,0,1,3,0
emotionet_3_48567.jpg,0,0,0,1,3,0
emotionet_3_48602.jpg,0,0,0,8,3,0
emotionet_3_48677.jpg,0,0,0,1,2,0
emotionet_3_48726.jpg,0,0,0,8,3,0
emotionet_3_48728.jpg,0,0,0,1,2,0
emotionet_3_48740.JPG,0,0,0,0,0,1
emotionet_3_48782.jpg,0,0,0,0,3,0
emotionet_3_48785.jpg,0,0,0,8,3,0
emotionet_3_48831.jpg,0,0,0,1,3,0
emotionet_3_48836.jpg,0,0,0,8,3,0
emotionet_3_48843.jpg,0,0,0,0,3,0
emotionet_3_48912.jpg,0,0,0,3,3,0
emotionet_3_48915.jpg,0,0,0,8,3,0
emotionet_3_48967.jpg,0,0,0,6,3,0
emotionet_3_48969.jpg,0,0,0,3,3,0
emotionet_3_4903.jpg,0,0,0,7,0,0
emotionet_3_49113.jpg,0,0,1,5,1,0
emotionet_3_49271.jpg,0,0,0,1,2,0
emotionet_3_49320.jpg,0,0,0,0,3,0
emotionet_3_49329.jpg,1,0,0,1,3,0
emotionet_3_49390.JPG,0,0,0,8,3,0
emotionet_3_49451.jpg,0,0,0,0,0,1
emotionet_3_49480.jpg,0,0,0,3,1,0
emotionet_3_49575.jpg,0,0,0,3,2,0
emotionet_3_49610.jpg,0,0,0,3,2,0
emotionet_3_49619.jpg,0,0,0,1,2,0
emotionet_3_49665.jpg,0,0,0,1,2,0
emotionet_3_49734.jpg,0,0,0,1,2,0
emotionet_3_49741.jpg,0,0,0,0,2,0
emotionet_3_49746.jpg,0,0,0,6,2,0
emotionet_3_49748.jpg,0,0,0,1,2,0
emotionet_3_4978.jpg,0,0,1,1,2,0
emotionet_3_49790.jpg,0,0,0,0,2,0
emotionet_3_49797.jpg,0,0,0,0,2,0
emotionet_3_49799.jpg,0,0,0,1,3,0
emotionet_3_49824.jpg,0,0,0,1,2,0
emotionet_3_49858.jpg,0,0,0,3,2,0
emotionet_3_49900.jpg,0,0,0,0,3,0
emotionet_3_49907.jpg,0,0,0,4,2,0
emotionet_3_49975.jpg,0,0,0,1,2,0
emotionet_3_50255.jpg,0,0,0,1,3,0
emotionet_3_50284.jpg,0,0,0,6,2,0
emotionet_3_50303.jpg,0,0,0,3,2,0
emotionet_3_50304.jpg,0,0,0,7,0,0
emotionet_3_50409.jpg,1,0,1,6,2,0
emotionet_3_5053.jpg,1,0,0,1,2,0
emotionet_3_50646.jpg,0,0,0,1,2,0
emotionet_3_50697.jpg,0,0,0,6,1,0
emotionet_3_50719.jpg,0,0,0,1,2,0
emotionet_3_50762.jpg,0,0,0,1,2,0
emotionet_3_50765.jpg,0,0,0,1,2,0
emotionet_3_50800.jpg,0,0,0,3,2,0
emotionet_3_5082.jpg,0,0,0,1,2,0
emotionet_3_50980.jpg,0,0,0,3,3,0
emotionet_3_51008.jpg,0,0,0,1,2,0
emotionet_3_5102.jpg,0,0,0,6,2,0
emotionet_3_51159.jpg,0,0,0,3,2,0
emotionet_3_51188.jpg,0,0,0,1,2,0
emotionet_3_51232.jpg,0,0,0,1,2,0
emotionet_3_51235.jpg,0,0,0,6,2,0
emotionet_3_51249.jpg,0,0,0,2,2,0
emotionet_3_51363.jpg,0,0,0,8,3,1
emotionet_3_51415.jpg,1,0,0,1,2,0
emotionet_3_51543.jpg,1,1,0,0,2,0
emotionet_3_51544.jpg,0,0,0,3,3,1
emotionet_3_51592.jpg,0,0,0,2,2,0
emotionet_3_51595.jpg,0,0,0,8,3,0
emotionet_3_51644.jpeg,0,0,0,1,3,0
emotionet_3_51770.jpg,0,0,0,6,2,0
emotionet_3_52030.jpg,0,0,0,1,2,0
emotionet_3_5212.jpg,1,0,0,1,3,0
emotionet_3_5215.jpg,1,0,0,2,3,0
emotionet_3_52161.jpg,0,0,0,1,1,0
emotionet_3_52204.jpg,0,0,0,1,2,0
emotionet_3_52263.JPEG,0,0,0,2,2,1
emotionet_3_52456.jpg,0,0,1,6,1,0
emotionet_3_52500.jpg,0,0,0,0,2,0
emotionet_3_52572.jpg,0,0,0,1,3,0
emotionet_3_5260.jpg,1,1,0,8,1,0
emotionet_3_52619.jpg,0,0,0,6,2,0
emotionet_3_52823.jpg,0,0,0,1,2,0
emotionet_3_53059.jpg,0,0,0,0,2,0
emotionet_3_53086.jpg,0,0,0,1,2,0
emotionet_3_53088.jpg,1,0,0,1,3,0
emotionet_3_53211.jpg,0,0,0,1,2,0
emotionet_3_53216.jpg,0,0,0,3,2,0
emotionet_3_53218.jpg,0,0,0,1,2,0
emotionet_3_5331.jpg,0,0,0,3,2,0
emotionet_3_53495.jpg,0,0,0,1,2,0
emotionet_3_535.jpg,0,0,0,0,0,1
emotionet_3_53670.jpg,0,0,0,1,0,0
emotionet_3_53677.jpg,1,0,1,2,3,0
emotionet_3_53721.jpg,0,0,0,3,2,0
emotionet_3_53728.jpg,0,0,0,1,1,0
emotionet_3_53848.jpeg,0,0,0,6,2,0
emotionet_3_53850.jpeg,1,0,0,2,2,0
emotionet_3_54176.jpg,0,0,0,1,1,0
emotionet_3_54266.jpg,0,0,0,1,1,0
emotionet_3_54339.jpg,1,0,0,6,2,0
emotionet_3_54342.jpg,1,0,0,2,2,0
emotionet_3_54345.jpg,0,0,0,6,2,0
emotionet_3_54393.jpg,0,0,0,0,2,0
emotionet_3_54394.jpg,0,0,0,0,2,0
emotionet_3_5440.jpg,0,0,1,1,1,0
emotionet_3_54433.jpg,0,0,0,1,1,0
emotionet_3_54434.jpg,0,0,0,6,2,0
emotionet_3_54441.jpg,1,0,0,1,2,0
emotionet_3_54490.jpg,0,0,0,1,1,0
emotionet_3_54517.jpg,0,0,0,0,2,0
emotionet_3_54607.jpg,1,0,0,1,1,0
emotionet_3_547.jpg,0,0,0,3,1,0
emotionet_3_54724.jpg,0,0,0,3,2,0
emotionet_3_54756.jpg,0,0,0,6,2,0
emotionet_3_54758.jpg,0,0,0,1,2,0
emotionet_3_54787.jpg,0,0,0,1,1,0
emotionet_3_54789.jpg,0,0,0,1,1,0
emotionet_3_5491.jpg,0,0,0,1,2,0
emotionet_3_5496.jpg,0,0,1,5,1,0
emotionet_3_55040.jpg,0,0,0,3,2,0
emotionet_3_55085.jpeg,0,0,0,8,3,0
emotionet_3_55091.jpg,0,0,0,6,3,0
emotionet_3_55116.jpg,0,0,0,1,2,0
emotionet_3_55118.jpg,0,0,0,3,2,0
emotionet_3_55121.jpeg,0,0,0,3,2,0
emotionet_3_5516.jpg,0,0,0,1,2,0
emotionet_3_55163.jpg,1,0,0,2,1,0
emotionet_3_5518.jpg,1,0,1,5,3,0
emotionet_3_55273.jpg,0,0,0,1,2,0
emotionet_3_55350.jpg,0,0,0,1,3,0
emotionet_3_55381.jpg,0,0,0,1,1,0
emotionet_3_55579.jpg,0,0,0,1,2,0
emotionet_3_55660.jpg,0,0,1,1,2,0
emotionet_3_55821.jpg,0,0,0,1,3,0
emotionet_3_55828.jpg,1,0,0,1,1,0
emotionet_3_55970.jpg,0,0,0,3,2,0
emotionet_3_55977.jpg,0,0,0,6,2,0
emotionet_3_55979.jpg,1,0,0,2,2,0
emotionet_3_56071.jpg,0,0,0,3,2,0
emotionet_3_56076.jpg,1,0,0,3,2,0
emotionet_3_56155.jpg,1,1,0,2,1,0
emotionet_3_56230.jpg,1,0,0,2,1,0
emotionet_3_56239.jpg,0,0,0,3,2,0
emotionet_3_56242.jpg,0,0,0,1,2,0
emotionet_3_56293.jpg,0,0,0,1,2,0
emotionet_3_56294.jpg,0,0,0,1,2,0
emotionet_3_56417.jpg,1,0,2,6,1,0
emotionet_3_56462.jpg,0,0,0,1,2,0
emotionet_3_56533.jpg,0,0,0,6,1,0
emotionet_3_56534.jpg,0,0,0,0,2,0
emotionet_3_56651.jpg,0,0,0,1,2,0
emotionet_3_56707.jpg,0,0,1,0,2,0
emotionet_3_5673.jpg,0,0,0,0,0,1
emotionet_3_56775.jpg,0,0,0,3,2,0
emotionet_3_56804.JPG,0,0,0,3,2,0
emotionet_3_56810.jpg,0,0,1,2,1,0
emotionet_3_56934.jpg,0,0,0,6,2,0
emotionet_3_56941.jpg,0,0,0,3,2,0
emotionet_3_56946.jpg,0,0,0,0,2,0
emotionet_3_56990.jpg,0,0,0,3,2,0
emotionet_3_56997.jpg,0,0,0,6,2,0
emotionet_3_57011.jpg,0,0,0,6,2,0
emotionet_3_57018.jpg,0,0,0,3,2,0
emotionet_3_57064.jpg,0,0,0,0,2,0
emotionet_3_57196.jpg,1,0,0,1,2,0
emotionet_3_57250.jpg,0,0,0,0,2,0
emotionet_3_57257.jpg,0,0,2,6,2,0
emotionet_3_57281.jpg,0,0,0,8,3,0
emotionet_3_57470.jpg,0,0,0,3,2,0
emotionet_3_57521.jpg,0,0,0,6,3,0
emotionet_3_57526.jpg,0,0,0,1,1,0
emotionet_3_57528.jpg,0,0,0,1,2,0
emotionet_3_5757.jpg,0,0,0,1,2,0
emotionet_3_57636.jpg,0,0,0,3,2,0
emotionet_3_57657.JPG,0,0,0,3,2,0
emotionet_3_57769.jpg,0,0,0,1,2,0
emotionet_3_57802.jpg,0,0,0,1,2,0
emotionet_3_5781.jpg,0,1,0,0,2,0
emotionet_3_57877.jpg,0,0,0,3,2,0
emotionet_3_58035.jpg,0,0,0,0,2,0
emotionet_3_58047.jpg,0,0,0,1,2,0
emotionet_3_58049.jpg,0,0,0,1,2,0
emotionet_3_58322.jpg,0,0,0,0,2,0
emotionet_3_58350.jpg,0,0,0,3,2,0
emotionet_3_58381.jpg,0,0,0,1,2,0
emotionet_3_58428.jpg,0,0,1,1,2,0
emotionet_3_58453.jpg,0,0,1,1,2,0
emotionet_3_58454.jpg,0,0,0,1,2,0
emotionet_3_58482.jpg,0,0,0,1,2,0
emotionet_3_58615.jpg,0,0,0,0,2,0
emotionet_3_58645.jpeg,0,0,0,1,2,0
emotionet_3_58731.jpg,0,0,0,4,2,0
emotionet_3_58739.jpeg,0,0,0,1,1,0
emotionet_3_58821.jpg,0,0,0,3,2,0
emotionet_3_58826.jpg,0,0,0,1,2,0
emotionet_3_58828.jpg,0,0,0,1,2,0
emotionet_3_58854.jpg,1,0,2,2,1,0
emotionet_3_58885.jpg,1,0,0,6,3,0
emotionet_3_58902.jpg,0,0,0,3,2,0
emotionet_3_58905.jpg,0,0,0,3,2,0
emotionet_3_58970.jpg,0,0,0,0,2,0
emotionet_3_58979.jpg,0,0,0,1,2,0
emotionet_3_59027.jpg,0,0,0,1,2,0
emotionet_3_59084.jpg,0,0,0,1,2,0
emotionet_3_59171.jpg,0,0,0,1,2,0
emotionet_3_59178.jpg,0,0,0,1,2,0
emotionet_3_59393.jpg,0,0,0,1,1,0
emotionet_3_59510.jpg,0,0,0,3,2,0
emotionet_3_596.jpg,0,0,0,1,2,0
emotionet_3_59723.jpg,0,0,0,3,1,0
emotionet_3_59751.jpg,0,0,1,1,1,0
emotionet_3_598.jpg,0,0,0,6,2,0
emotionet_3_59846.jpg,1,0,0,2,1,0
emotionet_3_59917.jpg,0,0,0,1,1,0
emotionet_3_60087.jpg,0,0,0,1,2,0
emotionet_3_60165.jpeg,0,0,0,1,3,0
emotionet_3_60217.jpg,0,0,0,3,2,0
emotionet_3_60341.jpg,0,0,0,1,2,0
emotionet_3_60346.jpg,0,0,0,1,2,0
emotionet_3_60397.jpg,0,0,0,6,2,0
emotionet_3_60676.jpg,0,0,0,7,0,0
emotionet_3_60720.jpg,1,0,0,0,2,0
emotionet_3_60727.jpg,0,0,0,8,3,1
emotionet_3_60893.jpg,0,0,0,2,1,0
emotionet_3_60913.jpg,0,0,0,8,3,0
emotionet_3_61.jpg,0,0,0,1,2,0
emotionet_3_61095.jpg,0,0,1,0,2,0
emotionet_3_61264.JPG,0,0,0,8,3,0
emotionet_3_6127.JPG,1,0,0,7,0,0
emotionet_3_61270.jpg,0,0,0,8,3,0
emotionet_3_61277.jpg,0,0,0,1,2,1
emotionet_3_61328.jpg,0,0,0,0,2,0
emotionet_3_6134.jpg,0,0,0,1,2,0
emotionet_3_61382.jpg,0,0,0,3,1,0
emotionet_3_61457.jpg,0,0,0,0,2,0
emotionet_3_61459.jpg,0,0,0,0,2,0
emotionet_3_61486.jpg,0,0,0,4,2,0
emotionet_3_61488.jpg,0,0,0,0,2,0
emotionet_3_6199.jpg,0,0,0,6,2,0
emotionet_3_6223.jpg,0,0,0,6,2,0
emotionet_3_6224.jpg,1,0,1,5,1,0
emotionet_3_625.jpg,0,0,0,4,2,0
emotionet_3_6251.jpg,0,0,0,1,2,0
emotionet_3_6258.jpg,1,0,1,1,1,0
emotionet_3_6280.jpg,0,0,0,1,2,0
emotionet_3_6289.jpg,0,1,0,6,3,0
emotionet_3_6300.jpg,0,1,0,1,3,0
emotionet_3_6307.jpg,1,0,0,6,2,0
emotionet_3_6309.jpg,1,0,0,1,1,0
emotionet_3_6375.jpg,0,0,0,8,3,0
emotionet_3_6471.jpg,0,0,0,6,3,0
emotionet_3_650.jpg,0,0,0,3,2,0
emotionet_3_6555.jpg,1,0,0,6,2,0
emotionet_3_6630.jpg,0,0,0,1,3,0
emotionet_3_6714.jpg,0,0,0,0,3,0
emotionet_3_6761.jpg,0,0,0,1,2,0
emotionet_3_6766.jpg,0,0,0,1,2,0
emotionet_3_6768.jpg,1,0,0,8,3,0
emotionet_3_6804.jpg,1,0,0,1,2,0
emotionet_3_681.jpg,0,0,2,3,2,0
emotionet_3_6955.jpg,1,0,0,7,0,0
emotionet_3_6984.jpg,1,0,2,3,2,0
emotionet_3_6990.JPG,0,0,0,8,3,0
emotionet_3_701.jpg,0,0,0,1,2,0
emotionet_3_7121.jpg,1,1,0,6,2,0
emotionet_3_7126.jpg,0,0,0,1,2,0
emotionet_3_7231.jpg,0,0,0,1,2,0
emotionet_3_7243.jpg,0,0,0,3,2,0
emotionet_3_7292.jpg,0,0,0,3,2,0
emotionet_3_7312.jpg,1,1,0,6,2,0
emotionet_3_7315.jpg,0,0,0,1,2,0
emotionet_3_7369.jpg,0,0,0,3,2,0
emotionet_3_7418.jpg,0,0,0,1,1,0
emotionet_3_7463.jpg,0,0,0,5,2,0
emotionet_3_7464.jpg,0,0,0,1,2,0
emotionet_3_7535.jpg,0,0,0,1,0,0
emotionet_3_7540.jpg,0,0,0,1,1,0
emotionet_3_7547.jpg,0,0,0,7,0,0
emotionet_3_7596.jpg,0,0,1,0,2,0
emotionet_3_7598.jpg,0,0,0,1,2,0
emotionet_3_7622.jpg,0,0,0,0,2,0
emotionet_3_7650.jpg,1,0,1,6,2,0
emotionet_3_7657.jpg,0,0,0,1,3,0
emotionet_3_7774.jpg,0,0,0,5,2,0
emotionet_3_7816.jpg,0,0,0,1,1,0
emotionet_3_7863.jpg,0,0,0,0,2,0
emotionet_3_7932.jpg,0,1,0,6,2,0
emotionet_3_7935.jpg,0,0,0,7,0,0
emotionet_3_7947.jpg,0,0,0,0,0,1
emotionet_3_7949.jpg,0,0,0,1,2,0
emotionet_3_7996.jpg,0,0,0,1,2,0
emotionet_3_7998.jpg,0,0,0,1,2,0
emotionet_3_8026.jpg,0,0,0,3,3,0
emotionet_3_8028.jpg,0,0,0,5,2,0
emotionet_3_8047.JPG,0,0,0,1,2,0
emotionet_3_8053.jpg,0,0,0,1,2,0
emotionet_3_8054.jpg,1,0,0,0,2,0
emotionet_3_8082.jpg,0,1,0,3,2,0
emotionet_3_8085.jpg,0,0,0,3,2,0
emotionet_3_8102.jpg,0,0,0,1,2,0
emotionet_3_8170.jpg,0,0,0,1,2,0
emotionet_3_8177.jpg,0,0,0,6,2,0
emotionet_3_818.jpg,0,0,0,1,2,0
emotionet_3_8215.jpg,0,0,0,6,3,0
emotionet_3_8260.jpg,1,0,0,1,2,0
emotionet_3_8267.jpg,1,0,0,1,2,0
emotionet_3_8338.jpg,0,0,0,0,0,1
emotionet_3_8343.jpg,0,1,0,6,2,0
emotionet_3_8344.jpg,0,0,0,1,2,0
emotionet_3_8432.jpg,0,0,0,3,2,0
emotionet_3_8563.jpg,1,0,1,5,2,0
emotionet_3_863.jpg,0,0,0,8,4,0
emotionet_3_8750.jpg,1,1,0,1,2,0
emotionet_3_8835.jpg,0,0,0,1,2,0
emotionet_3_8840.jpg,1,0,0,1,2,0
emotionet_3_8847.jpg,0,0,1,1,2,0
emotionet_3_8918.jpg,0,0,0,3,2,0
emotionet_3_8963.jpg,0,0,0,3,2,0
emotionet_3_8964.jpg,0,0,0,1,3,0
emotionet_3_9097.jpg,0,0,1,1,2,0
emotionet_3_9110.jpg,1,0,0,3,2,0
emotionet_3_9162.jpg,1,0,0,2,2,0
emotionet_3_9165.jpg,1,0,0,1,3,0
emotionet_3_9232.jpeg,0,0,0,1,2,0
emotionet_3_9272.jpg,0,0,0,7,0,0
emotionet_3_9323.jpg,0,0,0,3,3,0
emotionet_3_9351.jpg,0,0,0,1,2,0
emotionet_3_9455.jpg,0,0,0,1,2,0
emotionet_3_9503.jpg,0,0,0,1,2,0
emotionet_3_9504.jpg,0,0,0,3,3,0
emotionet_3_9578.jpg,0,0,0,4,2,0
emotionet_3_9666.jpg,0,0,0,1,2,0
emotionet_3_9730.jpg,0,0,0,0,0,1
emotionet_3_9827.jpg,1,0,0,8,3,0
emotionet_3_9883.jpg,0,0,0,3,2,0
emotionet_3_9884.jpg,1,0,0,6,2,0
emotionet_3_998.jpg,0,0,0,1,2,0
